cell_id,donor,condition,tissue,truth_cell_type,truth_state,nCount_RNA,nFeature_RNA,percent.mt,clonotype
Cell0001,D6,Treatment,Tumor,B,Other,225,82,6.58,
Cell0002,D3,Control,Blood,CD8_T,Cytotoxic,244,73,0.5,unique_16695
Cell0003,D6,Treatment,Blood,Monocyte,Other,111,61,3.57,
Cell0004,D5,Treatment,Tumor,B,Other,93,58,6.88,
Cell0005,D4,Treatment,Tumor,CD4_T,Exhaustion_assoc,318,85,4.68,clonotype_D
Cell0006,D6,Treatment,Tumor,Monocyte,Other,115,62,3.37,
Cell0007,D4,Treatment,Tumor,B,Other,201,85,7.33,
Cell0008,D5,Treatment,Blood,B,Other,117,59,6.41,
Cell0009,D2,Control,Blood,CD4_T,Naive_memory,177,70,4.45,unique_75738
Cell0010,D6,Treatment,Blood,CD8_T,Naive_memory,171,77,27.53,clonotype_F
Cell0011,D4,Treatment,Tumor,CD8_T,Exhaustion_assoc,297,90,0.61,clonotype_B
Cell0012,D5,Treatment,Tumor,Monocyte,Other,117,62,5.95,
Cell0013,D3,Control,Tumor,NK,Cytotoxic,117,69,6.35,
Cell0014,D6,Treatment,Tumor,Monocyte,Other,393,121,5.42,
Cell0015,D1,Control,Tumor,CD8_T,Cytotoxic,290,99,4.13,unique_86198
Cell0016,D1,Control,Tumor,CD4_T,Exhaustion_assoc,155,72,3.03,unique_98775
Cell0017,D4,Treatment,Blood,NK,Cytotoxic,128,63,5.74,
Cell0018,D5,Treatment,Blood,CD4_T,Naive_memory,319,101,5.41,unique_69968
Cell0019,D5,Treatment,Blood,Monocyte,Other,115,69,3.98,
Cell0020,D3,Control,Tumor,NK,Cytotoxic,116,54,4.15,
Cell0021,D4,Treatment,Blood,B,Other,176,77,5.36,
Cell0022,D4,Treatment,Tumor,CD8_T,Naive_memory,210,81,7.35,unique_77483
Cell0023,D6,Treatment,Tumor,Monocyte,Other,177,70,7.92,
Cell0024,D4,Treatment,Tumor,Monocyte,Other,221,87,4.24,
Cell0025,D3,Control,Blood,B,Other,109,59,0.5,
Cell0026,D6,Treatment,Blood,CD4_T,Cytotoxic,471,112,4.0,unique_51934
Cell0027,D1,Control,Blood,CD8_T,Naive_memory,202,83,5.83,unique_84724
Cell0028,D6,Treatment,Tumor,CD4_T,Naive_memory,285,99,5.83,unique_80980
Cell0029,D1,Control,Tumor,CD4_T,Cytotoxic,122,60,1.66,clonotype_A
Cell0030,D2,Control,Tumor,NK,Cytotoxic,206,81,6.97,
Cell0031,D5,Treatment,Blood,B,Other,67,43,5.92,
Cell0032,D5,Treatment,Blood,Monocyte,Other,91,54,6.06,
Cell0033,D6,Treatment,Blood,CD8_T,Cytotoxic,193,68,4.1,unique_87445
Cell0034,D5,Treatment,Tumor,CD8_T,Exhaustion_assoc,169,73,1.31,clonotype_A
Cell0035,D4,Treatment,Tumor,CD8_T,Cytotoxic,149,63,4.73,clonotype_A
Cell0036,D3,Control,Blood,CD4_T,Naive_memory,225,80,4.12,unique_43681
Cell0037,D1,Control,Tumor,CD4_T,Exhaustion_assoc,176,82,5.62,unique_40581
Cell0038,D1,Control,Blood,CD8_T,Naive_memory,128,70,5.72,unique_79190
Cell0039,D2,Control,Tumor,CD4_T,Naive_memory,247,91,3.75,unique_51145
Cell0040,D1,Control,Blood,NK,Cytotoxic,160,55,7.17,
Cell0041,D4,Treatment,Blood,CD8_T,Naive_memory,283,96,5.7,unique_84041
Cell0042,D5,Treatment,Tumor,Monocyte,Other,102,56,2.99,
Cell0043,D6,Treatment,Blood,B,Other,51,37,5.17,
Cell0044,D3,Control,Blood,CD8_T,Naive_memory,116,60,5.2,unique_10608
Cell0045,D6,Treatment,Blood,Monocyte,Other,204,85,4.91,
Cell0046,D6,Treatment,Blood,B,Other,78,50,9.89,
Cell0047,D6,Treatment,Tumor,CD8_T,Exhaustion_assoc,125,67,5.4,clonotype_B
Cell0048,D3,Control,Tumor,CD8_T,Exhaustion_assoc,120,58,3.59,unique_44110
Cell0049,D2,Control,Tumor,NK,Cytotoxic,127,63,5.68,
Cell0050,D6,Treatment,Blood,CD4_T,Cytotoxic,168,78,7.29,unique_87948
Cell0051,D2,Control,Tumor,CD4_T,Naive_memory,182,68,5.51,unique_72801
Cell0052,D3,Control,Blood,CD4_T,Naive_memory,160,67,4.15,unique_64210
Cell0053,D1,Control,Blood,B,Other,204,86,5.82,
Cell0054,D5,Treatment,Blood,NK,Cytotoxic,117,54,4.93,
Cell0055,D4,Treatment,Tumor,B,Other,78,41,5.02,
Cell0056,D1,Control,Tumor,B,Other,120,59,7.29,
Cell0057,D2,Control,Tumor,CD8_T,Cytotoxic,109,50,7.2,clonotype_A
Cell0058,D4,Treatment,Tumor,NK,Cytotoxic,223,86,4.86,
Cell0059,D4,Treatment,Tumor,CD4_T,Naive_memory,150,70,4.92,unique_47930
Cell0060,D5,Treatment,Tumor,CD4_T,Cytotoxic,169,63,7.78,clonotype_F
Cell0061,D2,Control,Tumor,NK,Cytotoxic,260,88,3.83,
Cell0062,D6,Treatment,Blood,CD8_T,Naive_memory,151,66,3.57,clonotype_E
Cell0063,D3,Control,Blood,NK,Cytotoxic,159,69,4.88,
Cell0064,D5,Treatment,Blood,B,Other,245,93,2.87,
Cell0065,D2,Control,Tumor,NK,Cytotoxic,125,53,4.89,
Cell0066,D1,Control,Tumor,NK,Cytotoxic,220,85,3.14,
Cell0067,D1,Control,Tumor,NK,Cytotoxic,104,54,5.28,
Cell0068,D3,Control,Blood,CD8_T,Naive_memory,80,48,4.78,unique_69735
Cell0069,D6,Treatment,Tumor,CD4_T,Cytotoxic,84,46,6.04,unique_67868
Cell0070,D1,Control,Blood,CD8_T,Cytotoxic,124,52,3.1,unique_46131
Cell0071,D3,Control,Blood,CD4_T,Naive_memory,128,57,7.04,unique_61733
Cell0072,D1,Control,Blood,CD8_T,Naive_memory,143,63,5.45,unique_53072
Cell0073,D6,Treatment,Blood,Monocyte,Other,219,82,5.17,
Cell0074,D5,Treatment,Tumor,CD4_T,Exhaustion_assoc,208,86,4.67,unique_35468
Cell0075,D5,Treatment,Blood,CD4_T,Cytotoxic,198,76,10.41,unique_16030
Cell0076,D5,Treatment,Tumor,CD8_T,Exhaustion_assoc,165,77,4.98,unique_84990
Cell0077,D4,Treatment,Tumor,CD8_T,Cytotoxic,225,80,5.89,unique_92097
Cell0078,D5,Treatment,Blood,NK,Cytotoxic,142,65,7.36,
Cell0079,D1,Control,Tumor,NK,Cytotoxic,220,86,5.59,
Cell0080,D6,Treatment,Blood,B,Other,192,72,18.82,
Cell0081,D5,Treatment,Tumor,NK,Cytotoxic,82,40,1.36,
Cell0082,D5,Treatment,Tumor,CD8_T,Exhaustion_assoc,100,55,4.72,clonotype_E
Cell0083,D3,Control,Tumor,Monocyte,Other,134,73,6.03,
Cell0084,D5,Treatment,Tumor,CD4_T,Naive_memory,148,67,6.96,unique_24133
Cell0085,D3,Control,Blood,CD4_T,Naive_memory,391,101,4.55,unique_58886
Cell0086,D1,Control,Tumor,CD4_T,Naive_memory,106,52,7.14,unique_85349
Cell0087,D6,Treatment,Blood,B,Other,143,71,4.55,
Cell0088,D2,Control,Blood,CD8_T,Naive_memory,206,90,10.91,unique_22334
Cell0089,D1,Control,Blood,CD4_T,Naive_memory,184,78,1.2,unique_84153
Cell0090,D4,Treatment,Tumor,CD8_T,Naive_memory,119,60,6.83,unique_46910
Cell0091,D2,Control,Tumor,CD4_T,Exhaustion_assoc,161,69,5.49,clonotype_C
Cell0092,D6,Treatment,Tumor,B,Other,98,63,5.36,
Cell0093,D3,Control,Tumor,CD8_T,Cytotoxic,214,76,7.31,clonotype_B
Cell0094,D1,Control,Blood,CD8_T,Naive_memory,139,63,4.64,unique_27400
Cell0095,D6,Treatment,Tumor,CD8_T,Naive_memory,143,68,6.16,unique_79253
Cell0096,D4,Treatment,Blood,NK,Cytotoxic,234,90,22.99,
Cell0097,D2,Control,Tumor,CD8_T,Cytotoxic,104,51,4.62,unique_28188
Cell0098,D5,Treatment,Blood,CD4_T,Naive_memory,78,47,4.19,unique_42350
Cell0099,D4,Treatment,Tumor,CD4_T,Cytotoxic,217,80,7.51,clonotype_B
Cell0100,D1,Control,Blood,Monocyte,Other,247,100,7.06,
Cell0101,D5,Treatment,Blood,Monocyte,Other,78,49,6.28,
Cell0102,D3,Control,Tumor,B,Other,125,66,28.96,
Cell0103,D5,Treatment,Blood,CD8_T,Naive_memory,82,51,4.08,clonotype_G
Cell0104,D6,Treatment,Blood,Monocyte,Other,74,40,3.14,
Cell0105,D4,Treatment,Tumor,B,Other,106,62,4.05,
Cell0106,D5,Treatment,Blood,B,Other,188,85,6.05,
Cell0107,D2,Control,Tumor,CD8_T,Exhaustion_assoc,176,67,8.39,unique_72418
Cell0108,D2,Control,Blood,CD8_T,Exhaustion_assoc,178,72,6.47,unique_99697
Cell0109,D3,Control,Tumor,CD4_T,Cytotoxic,179,77,5.61,unique_10936
Cell0110,D6,Treatment,Tumor,Monocyte,Other,157,74,0.5,
Cell0111,D4,Treatment,Tumor,CD8_T,Cytotoxic,146,61,6.73,clonotype_B
Cell0112,D3,Control,Tumor,CD4_T,Exhaustion_assoc,247,75,5.91,unique_53514
Cell0113,D5,Treatment,Tumor,CD8_T,Exhaustion_assoc,146,59,27.47,unique_45115
Cell0114,D6,Treatment,Tumor,NK,Cytotoxic,163,70,4.94,
Cell0115,D6,Treatment,Blood,CD4_T,Cytotoxic,294,97,4.41,unique_92292
Cell0116,D2,Control,Blood,Monocyte,Other,181,72,2.74,
Cell0117,D5,Treatment,Tumor,B,Other,201,85,3.03,
Cell0118,D4,Treatment,Tumor,B,Other,140,74,4.07,
Cell0119,D3,Control,Blood,CD8_T,Cytotoxic,358,106,5.57,unique_48744
Cell0120,D3,Control,Blood,NK,Cytotoxic,100,52,3.66,
Cell0121,D1,Control,Tumor,NK,Cytotoxic,85,50,2.69,
Cell0122,D2,Control,Tumor,NK,Cytotoxic,170,71,4.8,
Cell0123,D4,Treatment,Tumor,CD4_T,Exhaustion_assoc,192,77,5.75,clonotype_A
Cell0124,D6,Treatment,Tumor,CD8_T,Exhaustion_assoc,257,93,6.7,clonotype_G
Cell0125,D6,Treatment,Tumor,CD4_T,Cytotoxic,196,85,4.96,clonotype_C
Cell0126,D2,Control,Blood,CD8_T,Naive_memory,195,69,5.2,unique_85879
Cell0127,D5,Treatment,Tumor,CD8_T,Naive_memory,171,68,1.87,unique_42510
Cell0128,D1,Control,Blood,CD4_T,Naive_memory,186,63,5.28,unique_15934
Cell0129,D5,Treatment,Tumor,CD4_T,Cytotoxic,360,99,5.48,clonotype_E
Cell0130,D3,Control,Blood,NK,Cytotoxic,166,75,4.96,
Cell0131,D3,Control,Tumor,CD4_T,Cytotoxic,128,63,2.78,unique_21164
Cell0132,D5,Treatment,Tumor,Monocyte,Other,197,86,3.5,
Cell0133,D3,Control,Tumor,NK,Cytotoxic,129,63,4.35,
Cell0134,D5,Treatment,Tumor,CD8_T,Cytotoxic,126,51,4.64,clonotype_D
Cell0135,D4,Treatment,Blood,NK,Cytotoxic,206,71,6.68,
Cell0136,D6,Treatment,Tumor,CD4_T,Cytotoxic,180,73,2.06,clonotype_C
Cell0137,D4,Treatment,Blood,Monocyte,Other,140,72,8.9,
Cell0138,D2,Control,Blood,CD8_T,Cytotoxic,229,79,2.51,unique_10068
Cell0139,D5,Treatment,Blood,B,Other,88,55,5.84,
Cell0140,D3,Control,Blood,CD4_T,Naive_memory,185,73,6.39,unique_19085
Cell0141,D4,Treatment,Blood,CD8_T,Naive_memory,288,94,5.73,clonotype_E
Cell0142,D1,Control,Tumor,CD8_T,Exhaustion_assoc,147,67,25.75,clonotype_C
Cell0143,D1,Control,Tumor,Monocyte,Other,84,53,8.17,
Cell0144,D4,Treatment,Tumor,NK,Cytotoxic,118,59,5.11,
Cell0145,D2,Control,Blood,CD8_T,Cytotoxic,146,58,1.26,clonotype_F
Cell0146,D6,Treatment,Blood,CD8_T,Exhaustion_assoc,208,79,3.22,unique_54421
Cell0147,D6,Treatment,Blood,CD8_T,Cytotoxic,169,67,28.61,unique_68598
Cell0148,D5,Treatment,Tumor,CD8_T,Exhaustion_assoc,120,60,9.78,clonotype_A
Cell0149,D5,Treatment,Tumor,CD8_T,Cytotoxic,214,85,26.73,clonotype_A
Cell0150,D4,Treatment,Blood,CD4_T,Naive_memory,172,69,24.49,clonotype_G
Cell0151,D1,Control,Tumor,Monocyte,Other,182,74,2.53,
Cell0152,D3,Control,Blood,Monocyte,Other,175,65,5.48,
Cell0153,D3,Control,Blood,CD4_T,Naive_memory,199,83,6.94,unique_77421
Cell0154,D6,Treatment,Blood,NK,Cytotoxic,112,52,3.01,
Cell0155,D2,Control,Blood,CD4_T,Cytotoxic,394,118,7.62,unique_21297
Cell0156,D3,Control,Tumor,NK,Cytotoxic,150,74,1.7,
Cell0157,D3,Control,Tumor,CD8_T,Exhaustion_assoc,89,55,4.57,unique_22616
Cell0158,D1,Control,Blood,NK,Cytotoxic,162,76,7.85,
Cell0159,D1,Control,Tumor,B,Other,155,76,6.46,
Cell0160,D3,Control,Tumor,B,Other,204,86,0.5,
Cell0161,D1,Control,Tumor,CD4_T,Cytotoxic,115,56,3.65,clonotype_D
Cell0162,D1,Control,Tumor,Monocyte,Other,95,60,5.81,
Cell0163,D3,Control,Blood,CD4_T,Naive_memory,255,93,3.47,unique_64362
Cell0164,D2,Control,Tumor,CD4_T,Cytotoxic,134,67,2.87,unique_55847
Cell0165,D4,Treatment,Blood,NK,Cytotoxic,84,45,4.63,
Cell0166,D1,Control,Tumor,CD8_T,Naive_memory,143,66,5.78,unique_25810
Cell0167,D2,Control,Blood,Monocyte,Other,101,56,1.66,
Cell0168,D3,Control,Tumor,B,Other,152,77,2.51,
Cell0169,D6,Treatment,Blood,CD8_T,Naive_memory,158,77,4.01,clonotype_G
Cell0170,D4,Treatment,Blood,Monocyte,Other,128,66,3.14,
Cell0171,D6,Treatment,Tumor,CD8_T,Naive_memory,154,69,6.94,unique_43780
Cell0172,D3,Control,Tumor,CD8_T,Exhaustion_assoc,148,61,3.72,clonotype_E
Cell0173,D3,Control,Blood,CD4_T,Naive_memory,209,78,6.42,unique_50130
Cell0174,D3,Control,Tumor,Monocyte,Other,105,61,2.87,
Cell0175,D6,Treatment,Tumor,CD4_T,Exhaustion_assoc,116,57,7.46,clonotype_A
Cell0176,D6,Treatment,Blood,CD4_T,Cytotoxic,123,63,4.21,clonotype_E
Cell0177,D6,Treatment,Tumor,CD8_T,Naive_memory,138,76,5.67,unique_77764
Cell0178,D5,Treatment,Tumor,Monocyte,Other,157,67,3.63,
Cell0179,D4,Treatment,Tumor,Monocyte,Other,96,55,5.17,
Cell0180,D4,Treatment,Blood,B,Other,108,60,5.08,
Cell0181,D6,Treatment,Blood,Monocyte,Other,103,58,25.55,
Cell0182,D2,Control,Tumor,Monocyte,Other,180,85,4.12,
Cell0183,D3,Control,Tumor,CD8_T,Naive_memory,184,75,1.29,unique_24534
Cell0184,D6,Treatment,Tumor,CD8_T,Exhaustion_assoc,214,80,4.41,clonotype_A
Cell0185,D3,Control,Tumor,B,Other,79,53,5.63,
Cell0186,D2,Control,Tumor,NK,Cytotoxic,110,66,7.97,
Cell0187,D4,Treatment,Tumor,CD8_T,Cytotoxic,280,98,7.32,unique_23776
Cell0188,D2,Control,Tumor,CD4_T,Exhaustion_assoc,259,95,0.57,clonotype_A
Cell0189,D6,Treatment,Tumor,B,Other,242,85,4.68,
Cell0190,D6,Treatment,Tumor,CD8_T,Naive_memory,98,56,4.06,unique_34449
Cell0191,D2,Control,Blood,Monocyte,Other,76,52,2.19,
Cell0192,D4,Treatment,Tumor,CD4_T,Exhaustion_assoc,371,99,4.94,clonotype_D
Cell0193,D6,Treatment,Blood,CD4_T,Cytotoxic,179,73,3.42,clonotype_F
Cell0194,D5,Treatment,Blood,Monocyte,Other,112,58,6.38,
Cell0195,D2,Control,Tumor,CD4_T,Naive_memory,144,63,3.81,unique_67511
Cell0196,D4,Treatment,Blood,CD4_T,Naive_memory,174,66,2.3,clonotype_E
Cell0197,D4,Treatment,Blood,NK,Cytotoxic,129,57,4.75,
Cell0198,D4,Treatment,Tumor,Monocyte,Other,234,79,4.13,
Cell0199,D1,Control,Tumor,CD4_T,Exhaustion_assoc,144,51,3.06,clonotype_A
Cell0200,D2,Control,Blood,CD8_T,Naive_memory,235,84,3.35,unique_52668
Cell0201,D6,Treatment,Blood,B,Other,131,60,0.5,
Cell0202,D2,Control,Blood,Monocyte,Other,108,60,5.25,
Cell0203,D2,Control,Tumor,CD8_T,Cytotoxic,233,86,4.7,clonotype_B
Cell0204,D2,Control,Tumor,CD4_T,Cytotoxic,209,77,6.0,clonotype_A
Cell0205,D2,Control,Blood,CD4_T,Naive_memory,210,90,4.19,unique_36653
Cell0206,D1,Control,Tumor,CD4_T,Exhaustion_assoc,96,51,4.4,clonotype_A
Cell0207,D3,Control,Blood,CD4_T,Cytotoxic,170,72,7.74,clonotype_F
Cell0208,D6,Treatment,Blood,NK,Cytotoxic,120,57,6.97,
Cell0209,D1,Control,Tumor,CD4_T,Cytotoxic,173,71,4.9,unique_17438
Cell0210,D2,Control,Blood,CD8_T,Cytotoxic,458,102,4.01,unique_55257
Cell0211,D1,Control,Blood,B,Other,153,72,2.96,
Cell0212,D4,Treatment,Blood,NK,Cytotoxic,85,49,5.61,
Cell0213,D2,Control,Tumor,CD4_T,Naive_memory,167,71,3.68,unique_23181
Cell0214,D5,Treatment,Tumor,B,Other,103,60,5.09,
Cell0215,D4,Treatment,Tumor,B,Other,89,48,7.12,
Cell0216,D5,Treatment,Blood,B,Other,188,94,6.51,
Cell0217,D4,Treatment,Blood,CD4_T,Naive_memory,198,74,4.65,unique_18515
Cell0218,D3,Control,Tumor,CD4_T,Cytotoxic,189,71,25.23,unique_47962
Cell0219,D6,Treatment,Blood,Monocyte,Other,187,85,7.61,
Cell0220,D3,Control,Tumor,CD8_T,Exhaustion_assoc,262,96,2.16,clonotype_A
Cell0221,D6,Treatment,Tumor,CD8_T,Naive_memory,219,79,5.02,unique_63612
Cell0222,D6,Treatment,Blood,CD8_T,Naive_memory,172,74,7.22,clonotype_G
Cell0223,D4,Treatment,Tumor,NK,Cytotoxic,167,70,3.27,
Cell0224,D5,Treatment,Blood,Monocyte,Other,119,62,8.44,
Cell0225,D2,Control,Blood,CD8_T,Naive_memory,256,99,5.78,unique_93215
Cell0226,D5,Treatment,Tumor,Monocyte,Other,209,79,6.39,
Cell0227,D5,Treatment,Tumor,CD4_T,Exhaustion_assoc,168,74,6.05,unique_13179
Cell0228,D6,Treatment,Tumor,NK,Cytotoxic,278,97,6.05,
Cell0229,D2,Control,Tumor,NK,Cytotoxic,160,68,1.66,
Cell0230,D5,Treatment,Tumor,CD4_T,Naive_memory,149,69,6.78,unique_29616
Cell0231,D3,Control,Tumor,CD4_T,Cytotoxic,118,68,7.33,clonotype_B
Cell0232,D2,Control,Tumor,CD8_T,Exhaustion_assoc,139,75,3.74,unique_99421
Cell0233,D2,Control,Blood,Monocyte,Other,110,64,5.2,
Cell0234,D4,Treatment,Tumor,NK,Cytotoxic,205,74,6.85,
Cell0235,D2,Control,Tumor,Monocyte,Other,277,91,2.05,
Cell0236,D1,Control,Blood,B,Other,159,82,5.89,
Cell0237,D3,Control,Tumor,CD8_T,Cytotoxic,443,116,5.74,clonotype_C
Cell0238,D4,Treatment,Blood,B,Other,148,73,7.66,
Cell0239,D2,Control,Blood,CD4_T,Naive_memory,187,70,4.56,unique_33199
Cell0240,D6,Treatment,Tumor,CD4_T,Naive_memory,155,62,5.29,unique_44155
Cell0241,D5,Treatment,Blood,Monocyte,Other,151,77,7.49,
Cell0242,D4,Treatment,Tumor,B,Other,116,58,0.87,
Cell0243,D6,Treatment,Tumor,CD4_T,Cytotoxic,206,81,4.58,unique_84712
Cell0244,D3,Control,Tumor,CD8_T,Cytotoxic,148,65,5.86,unique_18191
Cell0245,D1,Control,Blood,NK,Cytotoxic,225,88,1.93,
Cell0246,D1,Control,Blood,Monocyte,Other,108,72,6.54,
Cell0247,D6,Treatment,Tumor,NK,Cytotoxic,103,61,13.7,
Cell0248,D6,Treatment,Tumor,CD8_T,Exhaustion_assoc,195,80,2.92,unique_87063
Cell0249,D5,Treatment,Tumor,CD8_T,Cytotoxic,200,82,4.01,clonotype_A
Cell0250,D1,Control,Tumor,CD8_T,Exhaustion_assoc,211,73,3.27,clonotype_A
Cell0251,D2,Control,Blood,NK,Cytotoxic,102,48,5.14,
Cell0252,D1,Control,Tumor,Monocyte,Other,76,45,3.32,
Cell0253,D1,Control,Blood,CD8_T,Exhaustion_assoc,216,85,3.93,unique_42257
Cell0254,D2,Control,Blood,CD4_T,Naive_memory,315,91,6.6,unique_34262
Cell0255,D4,Treatment,Tumor,CD4_T,Cytotoxic,169,71,1.3,unique_31674
Cell0256,D1,Control,Blood,B,Other,96,53,6.75,
Cell0257,D6,Treatment,Blood,Monocyte,Other,133,66,4.08,
Cell0258,D3,Control,Blood,CD4_T,Cytotoxic,116,56,5.14,unique_10233
Cell0259,D2,Control,Blood,CD4_T,Naive_memory,207,70,5.5,unique_11209
Cell0260,D4,Treatment,Tumor,NK,Cytotoxic,137,67,5.97,
Cell0261,D5,Treatment,Blood,CD4_T,Cytotoxic,178,65,5.77,unique_63149
Cell0262,D2,Control,Tumor,Monocyte,Other,85,49,25.19,
Cell0263,D1,Control,Tumor,CD8_T,Exhaustion_assoc,159,72,28.27,unique_40210
Cell0264,D1,Control,Blood,CD4_T,Naive_memory,184,63,6.59,unique_28871
Cell0265,D6,Treatment,Blood,Monocyte,Other,133,65,6.51,
Cell0266,D1,Control,Tumor,CD4_T,Cytotoxic,261,90,5.32,clonotype_A
Cell0267,D4,Treatment,Tumor,CD8_T,Naive_memory,141,70,2.99,unique_58379
Cell0268,D3,Control,Tumor,CD4_T,Naive_memory,183,66,3.19,clonotype_F
Cell0269,D5,Treatment,Tumor,CD4_T,Cytotoxic,200,78,2.27,unique_37507
Cell0270,D1,Control,Blood,CD4_T,Naive_memory,336,94,6.07,unique_39036
Cell0271,D6,Treatment,Blood,CD4_T,Cytotoxic,211,84,5.85,unique_56906
Cell0272,D5,Treatment,Tumor,CD4_T,Exhaustion_assoc,141,62,4.3,clonotype_B
Cell0273,D3,Control,Blood,CD4_T,Cytotoxic,261,80,4.94,unique_33867
Cell0274,D2,Control,Tumor,NK,Cytotoxic,100,52,0.5,
Cell0275,D6,Treatment,Tumor,NK,Cytotoxic,230,79,1.75,
Cell0276,D2,Control,Tumor,CD8_T,Cytotoxic,367,102,2.12,unique_65021
Cell0277,D3,Control,Tumor,CD8_T,Cytotoxic,108,63,6.8,unique_43417
Cell0278,D3,Control,Blood,CD8_T,Naive_memory,222,95,4.68,unique_27534
Cell0279,D2,Control,Blood,Monocyte,Other,103,59,4.17,
Cell0280,D3,Control,Blood,Monocyte,Other,139,66,3.67,
Cell0281,D1,Control,Tumor,CD4_T,Naive_memory,222,84,5.44,unique_20386
Cell0282,D1,Control,Blood,CD4_T,Exhaustion_assoc,213,82,4.46,unique_81087
Cell0283,D2,Control,Blood,CD4_T,Naive_memory,171,62,6.07,unique_76352
Cell0284,D1,Control,Blood,CD4_T,Naive_memory,112,60,5.47,unique_66601
Cell0285,D3,Control,Blood,NK,Cytotoxic,231,85,3.97,
Cell0286,D6,Treatment,Tumor,CD8_T,Exhaustion_assoc,223,86,3.85,unique_54925
Cell0287,D1,Control,Blood,CD4_T,Naive_memory,216,79,4.76,clonotype_F
Cell0288,D1,Control,Tumor,CD8_T,Naive_memory,171,74,8.32,unique_84907
Cell0289,D1,Control,Blood,CD8_T,Naive_memory,132,61,1.93,unique_41189
Cell0290,D4,Treatment,Tumor,CD4_T,Cytotoxic,140,56,6.2,clonotype_A
Cell0291,D2,Control,Blood,Monocyte,Other,146,70,28.18,
Cell0292,D3,Control,Blood,CD4_T,Cytotoxic,183,81,5.96,unique_48236
Cell0293,D1,Control,Tumor,Monocyte,Other,145,69,6.03,
Cell0294,D2,Control,Tumor,CD4_T,Naive_memory,144,62,1.35,unique_97619
Cell0295,D3,Control,Tumor,Monocyte,Other,125,54,5.31,
Cell0296,D3,Control,Blood,Monocyte,Other,179,79,4.02,
Cell0297,D4,Treatment,Blood,Monocyte,Other,154,68,5.31,
Cell0298,D5,Treatment,Tumor,B,Other,90,49,6.03,
Cell0299,D3,Control,Blood,B,Other,86,55,9.58,
Cell0300,D6,Treatment,Tumor,NK,Cytotoxic,141,60,5.21,
Cell0301,D4,Treatment,Tumor,B,Other,164,79,7.65,
Cell0302,D2,Control,Tumor,CD4_T,Exhaustion_assoc,176,73,2.62,clonotype_B
Cell0303,D2,Control,Tumor,CD8_T,Exhaustion_assoc,190,74,7.8,clonotype_C
Cell0304,D2,Control,Tumor,CD8_T,Exhaustion_assoc,241,77,6.16,clonotype_A
Cell0305,D4,Treatment,Blood,Monocyte,Other,164,72,7.64,
Cell0306,D2,Control,Blood,CD8_T,Naive_memory,300,102,2.83,unique_25998
Cell0307,D6,Treatment,Tumor,CD8_T,Naive_memory,193,81,6.82,unique_20083
Cell0308,D3,Control,Tumor,NK,Cytotoxic,187,66,2.57,
Cell0309,D6,Treatment,Blood,CD8_T,Cytotoxic,184,76,4.48,unique_77825
Cell0310,D5,Treatment,Blood,CD4_T,Naive_memory,138,68,6.99,unique_79775
Cell0311,D3,Control,Tumor,CD8_T,Cytotoxic,373,118,3.51,clonotype_A
Cell0312,D2,Control,Tumor,CD8_T,Exhaustion_assoc,160,71,2.97,clonotype_F
Cell0313,D5,Treatment,Tumor,CD4_T,Naive_memory,194,72,1.02,unique_57973
Cell0314,D2,Control,Blood,CD8_T,Cytotoxic,352,99,4.83,clonotype_F
Cell0315,D2,Control,Blood,CD8_T,Exhaustion_assoc,127,56,5.31,unique_36291
Cell0316,D6,Treatment,Tumor,CD8_T,Exhaustion_assoc,136,60,4.47,clonotype_A
Cell0317,D3,Control,Blood,CD8_T,Naive_memory,85,52,4.75,unique_59731
Cell0318,D1,Control,Tumor,NK,Cytotoxic,150,60,5.8,
Cell0319,D3,Control,Tumor,CD8_T,Exhaustion_assoc,425,110,3.36,clonotype_A
Cell0320,D3,Control,Blood,Monocyte,Other,182,75,6.03,
Cell0321,D6,Treatment,Blood,Monocyte,Other,100,56,5.75,
Cell0322,D5,Treatment,Blood,CD8_T,Naive_memory,197,88,4.15,unique_35712
Cell0323,D2,Control,Tumor,CD8_T,Exhaustion_assoc,147,64,3.35,clonotype_B
Cell0324,D1,Control,Tumor,CD8_T,Exhaustion_assoc,227,73,7.06,unique_79887
Cell0325,D4,Treatment,Blood,Monocyte,Other,83,50,5.14,
Cell0326,D1,Control,Tumor,NK,Cytotoxic,149,60,5.26,
Cell0327,D2,Control,Tumor,B,Other,184,82,5.24,
Cell0328,D1,Control,Tumor,CD8_T,Exhaustion_assoc,211,76,5.65,clonotype_G
Cell0329,D1,Control,Tumor,NK,Cytotoxic,160,66,4.28,
Cell0330,D6,Treatment,Blood,CD8_T,Naive_memory,321,102,7.36,unique_98375
Cell0331,D1,Control,Blood,B,Other,221,95,6.24,
Cell0332,D1,Control,Tumor,CD4_T,Naive_memory,307,100,5.36,clonotype_F
Cell0333,D6,Treatment,Blood,B,Other,103,56,1.44,
Cell0334,D2,Control,Tumor,Monocyte,Other,118,51,3.69,
Cell0335,D5,Treatment,Blood,CD4_T,Naive_memory,149,61,4.22,unique_95571
Cell0336,D1,Control,Blood,NK,Cytotoxic,137,65,5.64,
Cell0337,D1,Control,Blood,CD4_T,Naive_memory,199,73,4.16,unique_78919
Cell0338,D1,Control,Blood,B,Other,149,81,5.19,
Cell0339,D5,Treatment,Blood,CD4_T,Naive_memory,150,58,4.18,unique_95707
Cell0340,D4,Treatment,Blood,Monocyte,Other,110,63,5.6,
Cell0341,D3,Control,Tumor,CD4_T,Cytotoxic,170,63,6.75,clonotype_A
Cell0342,D2,Control,Blood,Monocyte,Other,126,64,2.0,
Cell0343,D1,Control,Blood,B,Other,176,77,2.86,
Cell0344,D4,Treatment,Blood,NK,Cytotoxic,216,79,3.16,
Cell0345,D2,Control,Blood,B,Other,102,51,2.79,
Cell0346,D4,Treatment,Blood,B,Other,140,68,5.13,
Cell0347,D5,Treatment,Tumor,Monocyte,Other,130,59,7.99,
Cell0348,D6,Treatment,Blood,CD4_T,Naive_memory,147,61,7.53,unique_35155
Cell0349,D3,Control,Tumor,NK,Cytotoxic,204,84,2.83,
Cell0350,D1,Control,Tumor,CD4_T,Exhaustion_assoc,132,54,4.16,unique_33853
Cell0351,D2,Control,Blood,NK,Cytotoxic,213,73,2.28,
Cell0352,D6,Treatment,Blood,CD4_T,Cytotoxic,215,72,6.69,clonotype_E
Cell0353,D4,Treatment,Blood,NK,Cytotoxic,135,56,5.01,
Cell0354,D4,Treatment,Tumor,NK,Cytotoxic,131,62,5.26,
Cell0355,D3,Control,Blood,CD8_T,Naive_memory,130,58,7.16,unique_56234
Cell0356,D1,Control,Tumor,CD8_T,Exhaustion_assoc,97,52,8.12,clonotype_A
Cell0357,D6,Treatment,Tumor,B,Other,94,54,4.05,
Cell0358,D5,Treatment,Tumor,B,Other,118,65,1.87,
Cell0359,D6,Treatment,Tumor,CD8_T,Exhaustion_assoc,139,65,4.39,clonotype_A
Cell0360,D6,Treatment,Tumor,NK,Cytotoxic,122,55,4.25,
Cell0361,D2,Control,Blood,Monocyte,Other,180,83,6.18,
Cell0362,D2,Control,Blood,CD4_T,Naive_memory,77,46,6.67,clonotype_G
Cell0363,D2,Control,Blood,CD4_T,Naive_memory,152,66,4.84,unique_23590
Cell0364,D6,Treatment,Tumor,CD4_T,Exhaustion_assoc,152,68,6.25,clonotype_D
Cell0365,D4,Treatment,Tumor,NK,Cytotoxic,192,68,6.07,
Cell0366,D3,Control,Tumor,CD8_T,Exhaustion_assoc,229,81,4.5,unique_45003
Cell0367,D6,Treatment,Blood,B,Other,148,66,4.07,
Cell0368,D4,Treatment,Tumor,NK,Cytotoxic,177,66,6.86,
Cell0369,D6,Treatment,Tumor,CD8_T,Exhaustion_assoc,256,83,3.87,clonotype_D
Cell0370,D6,Treatment,Tumor,Monocyte,Other,84,49,8.41,
Cell0371,D1,Control,Tumor,B,Other,95,52,5.79,
Cell0372,D3,Control,Blood,CD8_T,Cytotoxic,205,87,4.29,clonotype_E
Cell0373,D5,Treatment,Blood,CD8_T,Exhaustion_assoc,105,57,8.21,clonotype_F
Cell0374,D5,Treatment,Tumor,CD8_T,Cytotoxic,165,68,0.79,unique_72044
Cell0375,D1,Control,Blood,CD4_T,Cytotoxic,168,60,3.21,unique_13482
Cell0376,D2,Control,Blood,CD4_T,Naive_memory,179,67,20.93,clonotype_F
Cell0377,D4,Treatment,Blood,Monocyte,Other,154,70,7.33,
Cell0378,D5,Treatment,Blood,CD8_T,Exhaustion_assoc,144,69,6.05,unique_26831
Cell0379,D1,Control,Tumor,CD8_T,Naive_memory,213,80,1.93,unique_12922
Cell0380,D4,Treatment,Tumor,B,Other,138,71,4.68,
Cell0381,D2,Control,Blood,NK,Cytotoxic,322,101,30.02,
Cell0382,D2,Control,Blood,Monocyte,Other,185,74,4.52,
Cell0383,D4,Treatment,Blood,B,Other,147,70,5.35,
Cell0384,D3,Control,Tumor,CD8_T,Cytotoxic,224,90,5.61,clonotype_F
Cell0385,D4,Treatment,Tumor,CD8_T,Exhaustion_assoc,138,68,3.07,clonotype_F
Cell0386,D2,Control,Tumor,Monocyte,Other,128,65,4.35,
Cell0387,D5,Treatment,Blood,B,Other,151,68,7.71,
Cell0388,D1,Control,Blood,Monocyte,Other,204,81,2.03,
Cell0389,D6,Treatment,Tumor,CD4_T,Cytotoxic,276,100,3.91,unique_11605
Cell0390,D1,Control,Tumor,Monocyte,Other,232,85,5.08,
Cell0391,D5,Treatment,Tumor,NK,Cytotoxic,185,72,3.59,
Cell0392,D3,Control,Tumor,CD4_T,Exhaustion_assoc,149,66,3.63,unique_34614
Cell0393,D3,Control,Tumor,NK,Cytotoxic,88,41,7.18,
Cell0394,D1,Control,Blood,NK,Cytotoxic,94,41,5.54,
Cell0395,D5,Treatment,Blood,CD4_T,Naive_memory,183,69,8.49,unique_32876
Cell0396,D1,Control,Blood,CD8_T,Exhaustion_assoc,289,87,9.11,clonotype_G
Cell0397,D4,Treatment,Blood,Monocyte,Other,185,82,3.49,
Cell0398,D5,Treatment,Blood,CD8_T,Cytotoxic,107,52,19.32,unique_17378
Cell0399,D6,Treatment,Tumor,CD8_T,Cytotoxic,109,55,5.48,clonotype_D
Cell0400,D5,Treatment,Blood,CD8_T,Cytotoxic,153,60,3.98,clonotype_G
Cell0401,D2,Control,Blood,CD8_T,Naive_memory,106,53,4.15,unique_28363
Cell0402,D5,Treatment,Tumor,Monocyte,Other,101,54,2.75,
Cell0403,D5,Treatment,Tumor,B,Other,165,76,6.48,
Cell0404,D2,Control,Blood,CD4_T,Cytotoxic,264,86,1.87,unique_72157
Cell0405,D1,Control,Tumor,Monocyte,Other,129,64,3.97,
Cell0406,D6,Treatment,Tumor,Monocyte,Other,186,86,3.05,
Cell0407,D1,Control,Tumor,CD8_T,Exhaustion_assoc,182,78,7.1,clonotype_A
Cell0408,D4,Treatment,Tumor,Monocyte,Other,156,74,3.78,
Cell0409,D2,Control,Blood,CD4_T,Cytotoxic,150,64,5.34,unique_84318
Cell0410,D1,Control,Tumor,Monocyte,Other,223,89,2.9,
Cell0411,D5,Treatment,Blood,NK,Cytotoxic,205,78,5.13,
Cell0412,D1,Control,Tumor,NK,Cytotoxic,177,71,8.49,
Cell0413,D5,Treatment,Tumor,CD4_T,Naive_memory,149,67,10.79,unique_75961
Cell0414,D5,Treatment,Blood,Monocyte,Other,38,25,3.28,
Cell0415,D1,Control,Blood,CD4_T,Naive_memory,153,68,3.42,unique_98528
Cell0416,D2,Control,Tumor,CD4_T,Exhaustion_assoc,107,57,24.58,clonotype_B
Cell0417,D5,Treatment,Tumor,CD4_T,Cytotoxic,166,74,10.14,clonotype_B
Cell0418,D4,Treatment,Blood,B,Other,160,68,3.38,
Cell0419,D1,Control,Tumor,CD4_T,Cytotoxic,169,70,2.0,clonotype_A
Cell0420,D6,Treatment,Tumor,Monocyte,Other,237,97,2.18,
Cell0421,D2,Control,Tumor,NK,Cytotoxic,223,80,7.65,
Cell0422,D1,Control,Tumor,CD4_T,Naive_memory,206,79,9.36,unique_35720
Cell0423,D6,Treatment,Blood,CD4_T,Naive_memory,383,111,5.34,unique_70736
Cell0424,D1,Control,Tumor,CD4_T,Exhaustion_assoc,195,74,2.22,clonotype_A
Cell0425,D4,Treatment,Blood,NK,Cytotoxic,195,76,5.17,
Cell0426,D6,Treatment,Tumor,B,Other,145,64,3.55,
Cell0427,D4,Treatment,Blood,CD4_T,Naive_memory,143,64,4.65,unique_68237
Cell0428,D4,Treatment,Tumor,Monocyte,Other,59,35,1.93,
Cell0429,D3,Control,Blood,CD4_T,Naive_memory,146,64,5.85,clonotype_G
Cell0430,D1,Control,Blood,B,Other,135,68,4.85,
Cell0431,D4,Treatment,Tumor,Monocyte,Other,81,48,4.59,
Cell0432,D6,Treatment,Tumor,B,Other,68,49,6.21,
Cell0433,D1,Control,Tumor,B,Other,227,87,3.63,
Cell0434,D6,Treatment,Tumor,Monocyte,Other,104,54,8.92,
Cell0435,D3,Control,Tumor,CD4_T,Exhaustion_assoc,199,78,7.95,clonotype_B
Cell0436,D4,Treatment,Tumor,CD4_T,Naive_memory,239,84,6.64,unique_95705
Cell0437,D1,Control,Blood,CD4_T,Cytotoxic,124,61,3.16,unique_73526
Cell0438,D4,Treatment,Tumor,CD8_T,Cytotoxic,329,100,5.23,clonotype_A
Cell0439,D2,Control,Tumor,B,Other,265,98,4.78,
Cell0440,D2,Control,Blood,NK,Cytotoxic,205,76,6.48,
Cell0441,D5,Treatment,Blood,Monocyte,Other,93,52,3.28,
Cell0442,D1,Control,Tumor,CD4_T,Exhaustion_assoc,209,76,5.76,unique_94187
Cell0443,D3,Control,Tumor,B,Other,133,65,22.61,
Cell0444,D4,Treatment,Tumor,CD4_T,Exhaustion_assoc,137,61,4.69,clonotype_D
Cell0445,D1,Control,Tumor,CD8_T,Exhaustion_assoc,143,63,1.21,clonotype_C
Cell0446,D2,Control,Tumor,B,Other,139,70,2.23,
Cell0447,D3,Control,Blood,Monocyte,Other,151,73,6.59,
Cell0448,D4,Treatment,Blood,NK,Cytotoxic,59,41,4.8,
Cell0449,D6,Treatment,Blood,CD4_T,Naive_memory,195,68,11.71,unique_26470
Cell0450,D6,Treatment,Blood,NK,Cytotoxic,216,89,1.35,
Cell0451,D2,Control,Tumor,CD4_T,Cytotoxic,273,96,21.06,clonotype_A
Cell0452,D1,Control,Tumor,Monocyte,Other,117,58,8.07,
Cell0453,D1,Control,Blood,B,Other,274,99,3.82,
Cell0454,D4,Treatment,Blood,CD4_T,Cytotoxic,150,65,4.7,clonotype_G
Cell0455,D1,Control,Tumor,CD4_T,Naive_memory,108,47,8.23,unique_50156
Cell0456,D2,Control,Blood,CD4_T,Naive_memory,147,60,5.65,clonotype_F
Cell0457,D6,Treatment,Tumor,Monocyte,Other,156,72,1.95,
Cell0458,D6,Treatment,Tumor,CD8_T,Naive_memory,167,71,5.89,unique_78270
Cell0459,D6,Treatment,Tumor,B,Other,113,64,25.65,
Cell0460,D2,Control,Blood,NK,Cytotoxic,158,67,5.55,
Cell0461,D4,Treatment,Tumor,NK,Cytotoxic,90,47,6.63,
Cell0462,D4,Treatment,Blood,CD4_T,Exhaustion_assoc,186,71,6.42,unique_83890
Cell0463,D2,Control,Tumor,Monocyte,Other,115,58,3.95,
Cell0464,D4,Treatment,Blood,CD8_T,Cytotoxic,168,72,2.87,unique_49398
Cell0465,D4,Treatment,Tumor,NK,Cytotoxic,162,65,5.01,
Cell0466,D3,Control,Tumor,B,Other,169,74,4.22,
Cell0467,D5,Treatment,Blood,NK,Cytotoxic,81,41,3.28,
Cell0468,D5,Treatment,Blood,Monocyte,Other,88,49,1.26,
Cell0469,D4,Treatment,Blood,CD4_T,Cytotoxic,150,67,8.62,unique_65623
Cell0470,D5,Treatment,Blood,CD8_T,Cytotoxic,139,72,4.91,unique_77023
Cell0471,D5,Treatment,Blood,CD8_T,Naive_memory,280,93,7.95,unique_48779
Cell0472,D4,Treatment,Tumor,CD8_T,Cytotoxic,240,75,3.7,unique_35707
Cell0473,D2,Control,Blood,CD4_T,Naive_memory,162,69,2.69,unique_77050
Cell0474,D5,Treatment,Tumor,CD4_T,Cytotoxic,249,93,4.55,unique_40899
Cell0475,D5,Treatment,Tumor,CD8_T,Naive_memory,63,37,18.46,unique_69320
Cell0476,D6,Treatment,Blood,CD8_T,Cytotoxic,174,69,6.22,unique_44283
Cell0477,D1,Control,Tumor,CD8_T,Exhaustion_assoc,171,68,6.92,clonotype_D
Cell0478,D3,Control,Tumor,NK,Cytotoxic,201,80,8.43,
Cell0479,D6,Treatment,Tumor,NK,Cytotoxic,203,78,1.68,
Cell0480,D4,Treatment,Blood,CD8_T,Naive_memory,206,79,5.07,unique_69955
Cell0481,D6,Treatment,Blood,CD8_T,Naive_memory,237,84,4.03,unique_46941
Cell0482,D1,Control,Blood,CD4_T,Naive_memory,143,53,2.37,unique_26939
Cell0483,D1,Control,Tumor,NK,Cytotoxic,267,83,4.27,
Cell0484,D5,Treatment,Tumor,CD8_T,Exhaustion_assoc,236,77,8.04,unique_29442
Cell0485,D3,Control,Tumor,CD4_T,Exhaustion_assoc,149,56,5.74,clonotype_B
Cell0486,D4,Treatment,Blood,CD8_T,Cytotoxic,216,85,5.16,unique_47160
Cell0487,D3,Control,Tumor,CD8_T,Cytotoxic,98,56,3.45,unique_31999
Cell0488,D3,Control,Blood,CD4_T,Naive_memory,187,70,6.16,unique_26055
Cell0489,D6,Treatment,Tumor,NK,Cytotoxic,150,64,4.82,
Cell0490,D1,Control,Blood,NK,Cytotoxic,366,116,5.02,
Cell0491,D5,Treatment,Tumor,B,Other,109,54,7.63,
Cell0492,D6,Treatment,Tumor,NK,Cytotoxic,332,106,5.96,
Cell0493,D4,Treatment,Blood,NK,Cytotoxic,198,74,1.58,
Cell0494,D3,Control,Blood,CD8_T,Naive_memory,216,93,5.15,clonotype_E
Cell0495,D1,Control,Tumor,B,Other,112,52,0.62,
Cell0496,D5,Treatment,Blood,CD8_T,Naive_memory,160,68,8.4,clonotype_F
Cell0497,D3,Control,Tumor,CD8_T,Naive_memory,132,60,5.49,unique_27000
Cell0498,D1,Control,Tumor,NK,Cytotoxic,195,72,5.49,
Cell0499,D3,Control,Tumor,CD8_T,Naive_memory,127,69,7.39,unique_94968
Cell0500,D6,Treatment,Blood,CD8_T,Exhaustion_assoc,161,79,5.49,unique_81126
Cell0501,D2,Control,Blood,B,Other,157,65,7.82,
Cell0502,D2,Control,Blood,Monocyte,Other,110,55,6.09,
Cell0503,D5,Treatment,Tumor,Monocyte,Other,93,58,3.67,
Cell0504,D2,Control,Blood,CD8_T,Naive_memory,171,79,5.2,unique_60989
Cell0505,D6,Treatment,Blood,CD8_T,Naive_memory,88,50,5.78,unique_28657
Cell0506,D6,Treatment,Blood,B,Other,91,51,5.87,
Cell0507,D6,Treatment,Tumor,CD8_T,Exhaustion_assoc,452,111,5.0,clonotype_F
Cell0508,D6,Treatment,Blood,Monocyte,Other,143,67,3.31,
Cell0509,D2,Control,Tumor,CD8_T,Cytotoxic,207,76,7.45,unique_12180
Cell0510,D2,Control,Tumor,CD4_T,Exhaustion_assoc,125,61,0.99,unique_59989
Cell0511,D3,Control,Tumor,CD4_T,Cytotoxic,304,94,5.06,clonotype_A
Cell0512,D3,Control,Tumor,Monocyte,Other,288,94,8.28,
Cell0513,D6,Treatment,Tumor,CD4_T,Exhaustion_assoc,186,69,7.73,unique_18884
Cell0514,D5,Treatment,Tumor,CD8_T,Cytotoxic,195,67,5.52,clonotype_C
Cell0515,D4,Treatment,Blood,CD8_T,Naive_memory,118,68,27.87,unique_54627
Cell0516,D6,Treatment,Tumor,CD4_T,Exhaustion_assoc,247,92,5.32,clonotype_C
Cell0517,D4,Treatment,Tumor,CD8_T,Cytotoxic,168,73,8.44,unique_31725
Cell0518,D3,Control,Tumor,B,Other,129,64,6.73,
Cell0519,D3,Control,Tumor,CD4_T,Cytotoxic,277,93,3.13,clonotype_C
Cell0520,D4,Treatment,Tumor,Monocyte,Other,146,74,5.78,
Cell0521,D1,Control,Tumor,Monocyte,Other,87,52,4.04,
Cell0522,D5,Treatment,Tumor,CD8_T,Cytotoxic,210,77,5.06,clonotype_E
Cell0523,D4,Treatment,Tumor,CD4_T,Naive_memory,254,84,6.4,unique_42950
Cell0524,D5,Treatment,Blood,NK,Cytotoxic,157,60,5.18,
Cell0525,D4,Treatment,Blood,CD4_T,Cytotoxic,127,68,7.63,unique_49656
Cell0526,D5,Treatment,Blood,CD8_T,Naive_memory,295,100,3.26,unique_24221
Cell0527,D6,Treatment,Blood,Monocyte,Other,174,78,3.85,
Cell0528,D4,Treatment,Blood,Monocyte,Other,162,75,7.87,
Cell0529,D3,Control,Tumor,B,Other,92,55,1.36,
Cell0530,D1,Control,Blood,CD8_T,Naive_memory,128,56,6.16,unique_74369
Cell0531,D5,Treatment,Tumor,NK,Cytotoxic,168,72,8.44,
Cell0532,D6,Treatment,Tumor,B,Other,222,92,2.93,
Cell0533,D5,Treatment,Blood,CD8_T,Naive_memory,291,99,2.29,unique_95418
Cell0534,D6,Treatment,Blood,NK,Cytotoxic,175,73,5.28,
Cell0535,D6,Treatment,Blood,CD4_T,Cytotoxic,124,72,5.12,unique_26342
Cell0536,D5,Treatment,Tumor,CD4_T,Cytotoxic,146,60,3.54,clonotype_F
Cell0537,D4,Treatment,Blood,CD8_T,Cytotoxic,157,70,4.26,unique_91900
Cell0538,D1,Control,Tumor,CD4_T,Exhaustion_assoc,171,73,3.23,clonotype_B
Cell0539,D1,Control,Tumor,CD4_T,Naive_memory,116,49,8.03,unique_13872
Cell0540,D2,Control,Tumor,Monocyte,Other,187,76,4.96,
Cell0541,D3,Control,Blood,Monocyte,Other,118,64,8.74,
Cell0542,D5,Treatment,Blood,NK,Cytotoxic,227,89,3.43,
Cell0543,D3,Control,Blood,Monocyte,Other,106,54,6.53,
Cell0544,D1,Control,Blood,Monocyte,Other,122,66,6.21,
Cell0545,D2,Control,Blood,CD4_T,Cytotoxic,114,58,5.46,unique_23941
Cell0546,D6,Treatment,Tumor,CD8_T,Cytotoxic,243,92,5.23,unique_53766
Cell0547,D6,Treatment,Tumor,CD8_T,Naive_memory,217,85,6.55,unique_64194
Cell0548,D3,Control,Tumor,CD4_T,Exhaustion_assoc,343,110,2.38,unique_50768
Cell0549,D5,Treatment,Tumor,B,Other,108,62,7.41,
Cell0550,D5,Treatment,Blood,CD8_T,Cytotoxic,105,57,3.1,unique_39095
Cell0551,D6,Treatment,Tumor,CD8_T,Cytotoxic,147,69,6.3,clonotype_B
Cell0552,D6,Treatment,Tumor,CD4_T,Cytotoxic,123,67,7.13,unique_13279
Cell0553,D4,Treatment,Tumor,CD4_T,Cytotoxic,154,71,4.74,clonotype_A
Cell0554,D3,Control,Tumor,Monocyte,Other,68,45,2.56,
Cell0555,D4,Treatment,Blood,CD4_T,Naive_memory,140,59,2.87,unique_62470
Cell0556,D2,Control,Blood,CD4_T,Cytotoxic,138,65,7.92,clonotype_E
Cell0557,D3,Control,Blood,CD8_T,Cytotoxic,150,70,6.67,unique_23969
Cell0558,D4,Treatment,Blood,CD8_T,Cytotoxic,199,75,5.44,unique_14159
Cell0559,D4,Treatment,Tumor,NK,Cytotoxic,147,56,4.21,
Cell0560,D4,Treatment,Blood,CD8_T,Naive_memory,104,56,4.55,unique_44430
Cell0561,D3,Control,Tumor,CD4_T,Exhaustion_assoc,174,70,2.94,clonotype_A
Cell0562,D3,Control,Tumor,CD4_T,Exhaustion_assoc,147,72,5.95,clonotype_D
Cell0563,D1,Control,Blood,Monocyte,Other,277,97,2.87,
Cell0564,D4,Treatment,Blood,NK,Cytotoxic,395,99,4.43,
Cell0565,D4,Treatment,Tumor,NK,Cytotoxic,202,93,5.49,
Cell0566,D6,Treatment,Tumor,NK,Cytotoxic,161,62,8.43,
Cell0567,D4,Treatment,Blood,B,Other,97,52,2.07,
Cell0568,D3,Control,Blood,CD4_T,Cytotoxic,77,45,5.61,unique_68536
Cell0569,D1,Control,Tumor,CD8_T,Naive_memory,380,105,4.67,unique_27660
Cell0570,D2,Control,Blood,CD8_T,Naive_memory,162,75,19.74,unique_96926
Cell0571,D3,Control,Tumor,CD8_T,Cytotoxic,178,72,3.3,clonotype_E
Cell0572,D3,Control,Blood,Monocyte,Other,105,54,9.74,
Cell0573,D3,Control,Blood,CD8_T,Naive_memory,172,74,4.91,unique_36714
Cell0574,D3,Control,Tumor,B,Other,75,45,7.06,
Cell0575,D5,Treatment,Tumor,Monocyte,Other,201,71,2.78,
Cell0576,D1,Control,Tumor,CD8_T,Naive_memory,151,72,5.55,unique_70308
Cell0577,D2,Control,Blood,Monocyte,Other,267,99,7.92,
Cell0578,D1,Control,Tumor,NK,Cytotoxic,110,51,3.62,
Cell0579,D2,Control,Tumor,Monocyte,Other,100,47,1.4,
Cell0580,D5,Treatment,Tumor,CD8_T,Cytotoxic,143,58,2.0,clonotype_E
Cell0581,D1,Control,Blood,CD8_T,Cytotoxic,129,59,19.18,clonotype_G
Cell0582,D3,Control,Blood,CD8_T,Naive_memory,171,71,4.57,unique_81553
Cell0583,D1,Control,Tumor,CD4_T,Exhaustion_assoc,138,63,5.96,clonotype_C
Cell0584,D6,Treatment,Blood,CD8_T,Naive_memory,222,96,5.15,unique_11658
Cell0585,D5,Treatment,Tumor,Monocyte,Other,147,67,8.96,
Cell0586,D2,Control,Blood,NK,Cytotoxic,129,56,4.45,
Cell0587,D2,Control,Tumor,CD4_T,Exhaustion_assoc,189,75,3.29,clonotype_B
Cell0588,D1,Control,Tumor,CD8_T,Cytotoxic,168,75,5.63,unique_87323
Cell0589,D3,Control,Tumor,CD4_T,Cytotoxic,248,92,2.57,unique_83552
Cell0590,D5,Treatment,Tumor,CD4_T,Cytotoxic,164,72,5.19,unique_95598
Cell0591,D4,Treatment,Blood,Monocyte,Other,84,52,2.28,
Cell0592,D6,Treatment,Tumor,CD8_T,Exhaustion_assoc,222,92,5.62,unique_17654
Cell0593,D3,Control,Tumor,CD8_T,Cytotoxic,311,91,3.42,unique_56155
Cell0594,D2,Control,Tumor,NK,Cytotoxic,217,83,5.11,
Cell0595,D3,Control,Blood,CD4_T,Naive_memory,165,64,4.76,unique_35687
Cell0596,D2,Control,Tumor,CD8_T,Cytotoxic,144,63,7.19,clonotype_G
Cell0597,D6,Treatment,Tumor,B,Other,248,85,7.29,
Cell0598,D2,Control,Tumor,NK,Cytotoxic,231,84,2.69,
Cell0599,D3,Control,Blood,Monocyte,Other,128,65,5.9,
Cell0600,D4,Treatment,Tumor,NK,Cytotoxic,235,87,3.79,
